{
    "resourceType": "Bundle",
    "type": "collection",
    "entry": [
      {
        "resource": {
          "resourceType": "Observation",
          "id": "1",
          "status": "final",
          "category": [
            {
              "coding": [
                {
                  "system": "http://terminology.hl7.org/CodeSystem/observation-category",
                  "code": "laboratory",
                  "display": "Laboratory"
                }
              ],
              "text": "Laboratory"
            }
          ],
          "code": {
            "coding": [
              {
                "system": "http://loinc.org",
                "code": "CANCER-DEATH",
                "display": "Age-standardized deaths from malignant neoplasms per 100,000 people"
              }
            ],
            "text": "Age-standardized deaths from malignant neoplasms per 100,000 people"
          },
          "subject": {
            "reference": "Patient/AUT",
            "display": "Austria"
          },
          "effectiveDateTime": "2000",
          "valueQuantity": {
            "value": 135.19743,
            "unit": "per 100,000 people",
            "system": "http://unitsofmeasure.org",
            "code": "/100000"
          }
        }
      },
      {
        "resource": {
          "resourceType": "Observation",
          "id": "2",
          "status": "final",
          "category": [
            {
              "coding": [
                {
                  "system": "http://terminology.hl7.org/CodeSystem/observation-category",
                  "code": "laboratory",
                  "display": "Laboratory"
                }
              ],
              "text": "Laboratory"
            }
          ],
          "code": {
            "coding": [
              {
                "system": "http://loinc.org",
                "code": "CANCER-DEATH",
                "display": "Age-standardized deaths from malignant neoplasms per 100,000 people"
              }
            ],
            "text": "Age-standardized deaths from malignant neoplasms per 100,000 people"
          },
          "subject": {
            "reference": "Patient/AUT",
            "display": "Austria"
          },
          "effectiveDateTime": "2001",
          "valueQuantity": {
            "value": 131.16522,
            "unit": "per 100,000 people",
            "system": "http://unitsofmeasure.org",
            "code": "/100000"
          }
        }
      },
      {
        "resource": {
          "resourceType": "Observation",
          "id": "3",
          "status": "final",
          "category": [
            {
              "coding": [
                {
                  "system": "http://terminology.hl7.org/CodeSystem/observation-category",
                  "code": "laboratory",
                  "display": "Laboratory"
                }
              ],
              "text": "Laboratory"
            }
          ],
          "code": {
            "coding": [
              {
                "system": "http://loinc.org",
                "code": "CANCER-DEATH",
                "display": "Age-standardized deaths from malignant neoplasms per 100,000 people"
              }
            ],
            "text": "Age-standardized deaths from malignant neoplasms per 100,000 people"
          },
          "subject": {
            "reference": "Patient/AUT",
            "display": "Austria"
          },
          "effectiveDateTime": "2002",
          "valueQuantity": {
            "value": 130.01958,
            "unit": "per 100,000 people",
            "system": "http://unitsofmeasure.org",
            "code": "/100000"
          }
        }
      }
    ]
  }
  